6:02,黒,
6:15,光,
6:46,,
7:06,,
7:22,,
7:44,,
7:52,,
8:05,,
8:14,快,宇
8:36,,
8:52,,
9:07,,
9:21,快,宇
9:30,,
9:47,,
10:04,,
10:17,,
10:26,,
10:44,快,宇
11:04,,
11:32,,
11:51,,
12:09,快,宇
12:22,,
12:41,快,宇
13:02,,
13:21,,
13:47,快,宇
14:02,,
14:21,,
14:47,快,宇
14:59,,
15:22,,
15:34,,
15:46,快,宇
15:59,,
16:21,,
16:45,快,宇
17:03,,
17:22,,
17:41,快,宇
17:54,,
18:15,,
18:34,,
18:46,快,宇
19:08,,
19:33,,
19:49,快,宇
20:03,,
20:21,,
20:34,,
20:49,快,宇
21:11,,
21:28,,
21:46,快,宇
21:57,,
22:16,,
22:35,,
22:52,快,宇
23:13,,
23:32,,
23:52,,
0:22,,
0:52,,